44.903999,1.5289E7,45.5,44.144001,0.0
45.414001,1.03585E7,45.698002,44.728001,0.0
43.403999,1.63435E7,45.150002,43.327999,0.0
43.716,1.41355E7,44.183998,42.973999,0.0
44.217999,1.1222E7,44.444,43.599998,0.0
46.902,2.55215E7,46.976002,44.146,0.0
46.678001,1.6493E7,47.551998,45.962002,0.0
46.091999,1.5071E7,47.18,45.858002,0.0
46.512001,9766000.0,47.166,46.216,0.0
45.990002,9807500.0,47.310001,45.925999,0.0
45.939999,7775000.0,46.689999,45.625999,0.0
46.113998,3540000.0,46.375999,45.655998,0.0
45.790001,9506500.0,46.396,45.108002,0.0
47.438,1.20315E7,47.543999,45.91,0.0
47.618,1.84895E7,48.726002,47.133999,0.0
48.001999,1.3575E7,48.689999,47.674,0.0
44.681999,3.41355E7,46.276001,43.799999,0.0
44.686001,1.5934E7,45.377998,44.0,0.0
43.807999,1.88955E7,44.009998,43.195999,0.0
43.130001,1.77715E7,43.688,42.734001,0.0
42.200001,1.81405E7,44.088001,42.153999,0.0
41.57,2.0457E7,42.889999,40.599998,0.0
41.993999,1.54595E7,42.748001,41.062,0.0
40.062,2.0632E7,42.529999,40.0,0.0
41.236,3.24535E7,42.0,38.675999,0.0
40.998001,2.7893E7,41.014,39.450001,0.0
40.944,2.01935E7,42.094002,40.155998,0.0
39.740002,2.9193E7,40.256001,38.25,0.0
39.993999,1.5831E7,40.646,39.004002,0.0
40.509998,1.56205E7,41.099998,39.806,0.0
39.276001,1.34935E7,40.714001,39.175999,0.0
38.712002,2.4821E7,39.563999,37.776001,0.0
37.613998,1.8086E7,38.652,37.153999,0.0
37.939999,2.2964E7,38.256001,36.481998,0.0
38.240002,1.42615E7,38.748001,37.616001,0.0
39.388,2.6488E7,39.903999,36.549999,0.0
36.556,2.8868E7,38.624001,36.046001,0.0
34.695999,3.9657E7,36.787998,34.035999,0.0
35.066002,2.1927E7,35.195999,33.397999,0.0
32.52,4.7188E7,34.599998,31.548,0.0
29.598,4.6565E7,31.43,29.200001,0.0
29.65,4.3258E7,31.958,28.209999,0.0
28.733999,5.20325E7,30.993999,28.348,0.0
30.094,7.1262E7,32.652,29.4,0.0
30.208,3.6179E7,31.402,28.74,0.0
31.034,2.7969E7,32.59,30.822001,0.0
33.736,2.9126E7,33.868,31.336,0.0
33.354,1.9438E7,34.59,32.953999,0.0
33.316002,1.4797E7,33.498001,32.5,0.0
35.548,2.53005E7,35.782001,33.970001,0.0
35.442001,2.9922E7,36.346001,34.736,0.0
35.799999,2.6978E7,35.900002,33.568001,0.0
37.486,2.87535E7,37.703999,35.040001,0.0
38.068001,3.03255E7,38.400002,37.0,0.0
38.386002,2.2495E7,39.27,37.844002,0.0
37.27,3.3561E7,39.189999,36.540001,0.0
37.667999,2.4312E7,37.703999,36.299999,0.0
39.147999,2.4145E7,39.484001,36.844002,0.0
40.208,3.24455E7,40.806,39.5,0.0
41.057999,2.6647E7,41.939999,39.48,0.0
40.52,2.08935E7,41.5,40.439999,0.0
41.743999,1.6043E7,41.874001,40.557999,0.0
41.035999,2.59625E7,42.658001,40.133999,0.0
41.5,1.67155E7,41.883999,41.066002,0.0
43.029999,2.03285E7,43.344002,42.127998,0.0
43.667999,1.59025E7,43.793999,42.299999,0.0
44.386002,1.75835E7,44.515999,43.403999,0.0
45.276001,1.89145E7,45.700001,44.0,0.0
46.548,2.3559E7,46.896,45.612,0.0
47.664001,2.6539E7,47.976002,47.0,0.0
46.848,2.158E7,47.798,46.512001,0.0
44.515999,2.4744E7,46.945999,44.405998,0.0
45.549999,2.48045E7,45.778,43.0,0.0
46.051998,1.96285E7,46.962002,45.0,0.0
46.026001,2.00715E7,46.476002,45.066002,0.0
45.377998,2.0165E7,47.099998,45.299999,0.0
45.953999,4.00645E7,47.484001,45.001999,0.0
47.518002,7.99875E7,49.580002,46.650002,0.0
49.397999,6.73765E7,50.424,48.728001,0.0
51.094002,4.97435E7,51.312,48.0,0.0
53.084,5.85275E7,53.548,50.689999,0.0
51.439999,4.4281E7,53.868,50.902,0.0
50.014,3.68195E7,52.164001,49.604,0.0
49.984001,4.58085E7,51.798,49.060001,0.0
49.563999,2.8816E7,50.360001,48.726002,0.0
50.905998,2.4628E7,51.099998,49.466,0.0
50.372002,2.0661E7,51.368,50.209999,0.0
50.902,1.8762E7,50.919998,49.824001,0.0
50.776001,2.1357E7,51.661999,50.332001,0.0
49.473999,3.17875E7,50.874001,48.25,0.0
49.993999,2.59705E7,50.731998,48.299999,0.0
49.658001,1.39155E7,50.18,49.382,0.0
50.75,1.89315E7,50.799999,49.141998,0.0
50.363998,1.83515E7,51.476002,50.152,0.0
50.748001,1.6119E7,51.146,49.877998,0.0
50.293999,1.6029E7,51.0,49.880001,0.0
49.542,1.2595E7,50.686001,49.487999,0.0
48.152,2.7069E7,49.686001,47.562,0.0
48.360001,1.92195E7,48.638,46.964001,0.0
46.464001,2.1511E7,47.782001,46.324001,0.0
44.512001,4.35025E7,46.891998,44.080002,0.0
42.306,5.6274E7,45.728001,41.958,0.0
42.986,2.8426E7,43.273998,41.622002,0.0
41.784,2.3882E7,43.23,41.360001,0.0
41.737999,2.0353E7,41.894001,41.0,0.0
41.792,2.58095E7,43.096001,41.209999,0.0
41.456001,1.82525E7,42.334,40.731998,0.0
41.521999,1.4114E7,42.240002,41.34,0.0
41.658001,1.4747E7,42.630001,41.584,0.0
40.931999,1.4218E7,41.964001,40.804001,0.0
42.234001,2.80875E7,43.062,41.549999,0.0
43.042,3.43315E7,43.358002,41.459999,0.0
44.056,4.50355E7,44.110001,43.27,0.0
43.243999,2.55125E7,44.52,43.172001,0.0
43.582001,1.5069E7,43.748001,43.035999,0.0
43.916,1.5634E7,44.271999,43.301998,0.0
45.023998,2.0362E7,45.051998,43.810001,0.0
44.608002,1.82515E7,45.186001,44.150002,0.0
44.646,1.3945E7,44.950001,44.299999,0.0
43.911999,1.49135E7,44.48,43.377998,0.0
43.792,1.0164E7,43.981998,43.422001,0.0
43.798,1.1145E7,44.388,43.602001,0.0
44.136002,1.12475E7,44.18,43.09,0.0
46.467999,3.1068E7,46.888,44.304001,0.0
47.104,2.986E7,48.169998,46.521999,0.0
45.872002,2.24605E7,47.066002,45.411999,0.0
43.757999,3.0133E7,45.594002,43.683998,0.0
43.574001,2.0965E7,45.153999,43.532001,0.0
42.992001,1.7901E7,44.439999,42.506001,0.0
43.540001,1.45425E7,44.380001,43.026001,0.0
43.585999,1.22015E7,43.608002,42.700001,0.0
43.094002,1.5563E7,43.998001,42.900002,0.0
43.939999,1.77775E7,44.75,43.646,0.0
43.922001,2.2645E7,44.514,43.762001,0.0
39.332001,1.18712E8,41.189999,39.150002,0.0
39.279999,5.06535E7,39.509998,38.425999,0.0
38.630001,3.51325E7,39.023998,37.945999,0.0
39.709999,3.6027E7,39.762001,37.574001,0.0
40.358002,3.1062E7,40.810001,39.882,0.0
42.037998,2.99745E7,42.355999,40.599998,0.0
42.456001,2.42155E7,42.700001,41.804001,0.0
43.299999,2.7E7,43.647999,41.200001,0.0
42.796001,2.58765E7,42.908001,41.599998,0.0
42.888,2.45995E7,43.046001,41.799999,0.0
43.188,1.806E7,43.624001,42.602001,0.0
43.355999,2.0374E7,43.962002,42.900002,0.0
44.956001,2.7149E7,45.355999,43.902,0.0
44.93,2.28565E7,45.5,44.644001,0.0
44.506001,1.78355E7,45.118,44.057999,0.0
44.306,1.3379E7,44.987999,44.209999,0.0
44.080002,1.1171E7,44.549999,43.928001,0.0
45.25,1.70605E7,45.417999,43.66,0.0
45.051998,1.55755E7,45.82,44.950001,0.0
45.672001,1.28425E7,45.959999,45.0,0.0
44.099998,2.21435E7,45.57,43.82,0.0
44.453999,1.28985E7,44.900002,43.776001,0.0
46.001999,2.24535E7,46.278,44.273998,0.0
45.902,1.715E7,46.0,45.060001,0.0
45.698002,1.4445E7,46.672001,45.383999,0.0
46.122002,1.20955E7,46.152,45.32,0.0
46.958,1.5354E7,47.056,46.048,0.0
46.001999,2.00815E7,47.326,45.875999,0.0
45.439999,1.9672E7,45.973999,44.279999,0.0
45.158001,1.9439E7,45.939999,44.841999,0.0
46.122002,2.0735E7,46.172001,44.41,0.0
46.006001,1.6026E7,46.400002,45.48,0.0
45.231998,1.1318E7,45.919998,45.217999,0.0
45.816002,1.1039E7,46.307999,45.330002,0.0
45.130001,1.16915E7,45.973999,44.924,0.0
44.981998,9404500.0,45.514,44.681999,0.0
45.122002,9067500.0,45.330002,44.807999,0.0
45.118,1.01715E7,45.900002,44.986,0.0
44.722,1.13355E7,45.438,44.681999,0.0
44.647999,8935500.0,44.966,44.560001,0.0
44.702,8572500.0,45.132,44.458,0.0
45.0,8297500.0,45.034,44.506001,0.0
44.585999,1.03275E7,45.021999,44.535999,0.0
44.967999,2.3922E7,45.698002,44.560001,0.0
44.523998,1.28535E7,45.43,44.444,0.0
44.192001,8812500.0,44.759998,44.153999,0.0
43.998001,1.1195E7,44.571999,43.764,0.0
43.040001,1.63315E7,44.080002,43.0,0.0
42.268002,1.58445E7,43.222,42.104,0.0
42.402,1.63825E7,42.52,41.73,0.0
40.153999,3.97155E7,42.220001,40.099998,0.0
39.556,2.9887E7,40.639999,39.240002,0.0
40.566002,2.1953E7,40.650002,39.799999,0.0
40.341999,1.82045E7,41.299999,40.141998,0.0
39.472,1.68895E7,39.978001,39.271999,0.0
38.894001,1.8785E7,39.984001,38.740002,0.0
39.66,1.8576E7,40.273998,38.82,0.0
39.209999,1.7947E7,39.698002,38.689999,0.0
39.282001,1.12725E7,39.584,38.972,0.0
40.084,1.5386E7,40.504002,39.279999,0.0
41.080002,1.5539E7,41.139999,39.799999,0.0
41.268002,1.14975E7,41.886002,41.0,0.0
40.928001,1.20525E7,41.549999,40.782001,0.0
41.043999,1.31675E7,41.400002,40.312,0.0
41.285999,1.19145E7,41.456001,40.599998,0.0
41.490002,1.4526E7,42.035999,41.133999,0.0
41.798,1.1972E7,42.200001,41.299999,0.0
41.161999,1.6866E7,41.995998,40.922001,0.0
41.254002,1.0442E7,41.650002,41.051998,0.0
40.139999,1.3635E7,41.466,40.116001,0.0
40.806,1.29315E7,40.995998,39.91,0.0
42.740002,2.99995E7,43.133999,41.650002,0.0
42.282001,1.77075E7,42.664001,41.764,0.0
41.692001,9387500.0,42.630001,41.624001,0.0
40.200001,2.3517E7,40.841999,40.042,0.0
39.321999,1.7465E7,40.264,39.16,0.0
40.189999,1.65815E7,40.827999,39.931999,0.0
40.02,1.1642E7,40.439999,39.661999,0.0
40.301998,9853500.0,40.776001,40.084,0.0
40.048,1.2473E7,40.18,39.41,0.0
39.301998,2.13495E7,40.285999,39.259998,0.0
38.792,2.27705E7,39.678001,38.400002,0.0
39.82,2.84025E7,39.894001,38.652,0.0
40.712002,3.4956E7,41.332001,39.612,0.0
39.82,2.53645E7,40.599998,39.41,0.0
40.018002,1.4717E7,40.313999,39.481998,0.0
40.551998,1.3758E7,40.790001,40.049999,0.0
40.467999,1.2225E7,40.938,40.240002,0.0
40.448002,2.8164E7,40.638,40.02,0.0
40.801998,6.54685E7,42.740002,40.330002,0.0
39.993999,2.14005E7,41.063999,39.966,0.0
39.546001,2.34615E7,40.498001,39.161999,0.0
38.158001,3.53E7,39.700001,37.622002,0.0
37.604,2.1267E7,38.540001,37.501999,0.0
37.484001,1.3265E7,38.293999,37.408001,0.0
38.112,2.573E7,38.692001,37.192001,0.0
38.641998,1.93505E7,38.858002,38.009998,0.0
38.987999,1.6338E7,39.498001,38.251999,0.0
38.012001,4.08655E7,38.400002,36.790001,0.0
37.07,3.37515E7,38.321999,36.084,0.0
37.712002,1.99425E7,37.776001,36.599998,0.0
36.290001,3.2761E7,37.650002,35.638,0.0
36.754002,1.951E7,37.285999,36.41,0.0
36.785999,1.7172E7,36.945999,36.242001,0.0
37.731998,2.44355E7,37.897999,36.422001,0.0
37.004002,2.60515E7,38.599998,37.0,0.0
36.903999,2.1805E7,37.778,36.882,0.0
38.234001,2.8017E7,38.293999,36.742001,0.0
38.627998,2.44595E7,39.127998,37.799999,0.0
39.330002,1.18305E7,39.448002,38.728001,0.0
39.223999,2.2646E7,39.869999,38.91,0.0
37.914001,2.21965E7,39.346001,37.900002,0.0
37.880001,1.77355E7,38.377998,37.5,0.0
36.375999,2.5632E7,37.706001,36.200001,0.0
36.293999,2.02115E7,36.976002,36.0,0.0
37.360001,2.0361E7,37.778,36.501999,0.0
37.169998,1.6958E7,37.316002,36.535999,0.0
38.630001,2.73095E7,38.68,37.0,0.0
38.458,1.59705E7,38.5,37.908001,0.0
38.436001,1.36125E7,38.768002,38.161999,0.0
38.486,1.21945E7,38.883999,38.236,0.0
39.630001,3.41195E7,40.256001,38.599998,0.0
39.737999,2.07545E7,40.599998,39.352001,0.0
39.515999,1.6098E7,40.147999,39.478001,0.0
40.498001,1.89845E7,40.518002,39.52,0.0
40.546001,1.74405E7,40.889999,39.967999,0.0
41.757999,2.34455E7,41.799999,40.5,0.0
41.540001,2.6038E7,42.445999,41.481998,0.0
41.689999,1.55555E7,41.998001,41.299999,0.0
42.667999,2.33525E7,42.689999,41.542,0.0
43.905998,2.95785E7,44.450001,42.883999,0.0
43.948002,1.89125E7,44.759998,43.439999,0.0
42.936001,2.0225E7,43.84,42.824001,0.0
42.737999,2.3213E7,43.5,42.335999,0.0
43.397999,2.96165E7,44.066002,42.192001,0.0
45.397999,5.60675E7,45.599998,42.862,0.0
45.349998,2.95585E7,45.495998,44.389999,0.0
45.801998,2.76395E7,46.062,45.09,0.0
46.256001,1.98975E7,46.383999,45.599998,0.0
45.973999,1.83E7,46.400002,45.377998,0.0
45.945999,1.8254E7,45.995998,45.335999,0.0
45.917999,1.8951E7,46.139999,45.116001,0.0
47.549999,3.0465E7,47.57,45.917999,0.0
47.116001,2.30875E7,47.992001,46.874001,0.0
47.672001,1.8845E7,47.942001,47.116001,0.0
48.751999,3.86615E7,49.736,48.150002,0.0
48.945999,2.10215E7,49.200001,48.602001,0.0
49.784,3.13145E7,50.178001,49.099998,0.0
50.922001,2.48275E7,50.959999,49.93,0.0
50.894001,2.5713E7,51.692001,50.360001,0.0
50.501999,1.57605E7,51.147999,50.150002,0.0
50.59,1.58315E7,50.599998,49.703999,0.0
50.125999,1.90055E7,51.057999,49.419998,0.0
50.386002,2.05805E7,51.178001,49.540001,0.0
49.848,1.9794E7,50.639999,49.810001,0.0
50.310001,1.2499E7,50.484001,49.542,0.0
50.265999,1.09335E7,50.436001,49.936001,0.0
51.554001,1.78125E7,51.563999,50.125999,0.0
51.495998,2.1224E7,52.0,51.284,0.0
52.416,1.9665E7,52.672001,51.240002,0.0
53.84,3.9101E7,54.236,53.23,0.0
53.846001,1.80985E7,54.189999,53.222,0.0
56.119999,3.5148E7,56.158001,54.102001,0.0
56.195999,3.6726E7,57.478001,55.722,0.0
55.952,2.47395E7,56.448002,55.287998,0.0
53.790001,3.53865E7,56.0,53.700001,0.0
54.445999,3.12855E7,54.577999,52.830002,0.0
55.478001,2.83835E7,56.279999,54.801998,0.0
54.702,4.3775E7,56.689999,54.52,0.0
51.198002,7.4576E7,52.931999,51.112,0.0
51.400002,4.0858E7,51.650002,50.040001,0.0
49.245998,5.7304E7,49.672001,48.402,0.0
49.998001,3.03905E7,50.200001,48.779999,0.0
50.004002,2.40475E7,50.970001,49.821999,0.0
50.096001,1.6759E7,50.655998,49.653999,0.0
50.313999,1.4597E7,50.380001,49.799999,0.0
50.242001,1.67775E7,50.34,49.501999,0.0
49.717999,1.72975E7,50.778,49.664001,0.0
49.374001,1.8626E7,50.014,49.063999,0.0
48.98,1.93965E7,49.731998,48.599998,0.0
48.737999,1.53315E7,49.299999,48.599998,0.0
49.234001,1.5113E7,49.369999,48.556,0.0
51.599998,3.7992E7,51.624001,49.203999,0.0
51.146,2.6654E7,52.200001,50.854,0.0
52.41,3.5661E7,53.150002,51.812,0.0
52.299999,3.24875E7,53.066002,52.240002,0.0
52.383999,1.80715E7,52.91,51.764,0.0
50.136002,3.4543E7,52.959999,50.048,0.0
51.001999,2.02965E7,51.014,50.102001,0.0
50.956001,1.6601E7,51.534,50.66,0.0
52.632,2.82365E7,52.778,51.001999,0.0
54.043999,3.1154E7,54.113998,51.950001,0.0
55.490002,3.9938E7,56.136002,55.0,0.0
55.476002,1.8381E7,55.919998,55.108002,0.0
55.584,2.0742E7,56.400002,55.442001,0.0
55.66,1.6473E7,55.936001,55.264,0.0
59.703999,6.9443E7,59.799999,56.916,0.0
60.740002,5.0673E7,60.962002,58.905998,0.0
59.0,3.94045E7,60.976002,58.84,0.0
59.740002,2.7603E7,60.388,58.82,0.0
60.507999,2.2898E7,60.537998,59.43,0.0
62.478001,3.83225E7,62.745998,61.742001,0.0
61.742001,2.8623E7,62.694,61.099998,0.0
59.368,3.02535E7,61.689999,59.264,0.0
60.799999,4.6423E7,61.478001,59.060001,0.0
60.287998,2.06935E7,60.799999,59.736,0.0
60.049999,1.51785E7,60.167999,59.580002,0.0
61.104,1.949E7,61.324001,60.422001,0.0
60.501999,3.0747E7,61.830002,60.046001,0.0
61.119999,2.2549E7,61.279999,60.084,0.0
61.605999,2.54175E7,62.110001,61.203999,0.0
62.757999,3.36885E7,62.796001,61.172001,0.0
62.034,2.3475E7,62.900002,61.799999,0.0
61.726002,1.7343E7,62.618,61.5,0.0
62.813999,2.25275E7,62.959999,61.599998,0.0
64.566002,4.4148E7,65.449997,62.962002,0.0
63.778,2.6914E7,65.531998,63.312,0.0
62.203999,3.5667E7,64.306,62.09,0.0
59.091999,7.076E7,61.554001,58.152,0.0
61.669998,4.08865E7,61.709999,59.360001,0.0
61.438,3.50325E7,62.757999,61.164001,0.0
64.251999,4.83825E7,64.398003,61.82,0.0
65.043999,2.8708E7,65.099998,63.624001,0.0
64.620003,2.3769E7,65.199997,63.919998,0.0
64.961998,2.0608E7,65.400002,64.306,0.0
63.175999,3.811E7,64.040001,62.506001,0.0
63.402,2.07625E7,64.012001,63.028,0.0
61.222,3.35595E7,62.925999,61.099998,0.0
62.612,2.8269E7,62.787998,61.062,0.0
62.166,2.3438E7,63.299999,62.040001,0.0
62.07,2.1646E7,62.874001,61.360001,0.0
60.771999,2.1592E7,62.146,60.695999,0.0
62.043999,2.51665E7,62.200001,61.080002,0.0
63.366001,2.507E7,63.394001,61.562,0.0
65.028,3.9011E7,65.098,63.262001,0.0
67.019997,3.89145E7,67.255997,65.152,0.0
68.202003,4.9817E7,68.578003,67.031998,0.0
68.073997,3.804E7,68.975998,67.458,0.0
67.970001,2.7951E7,68.575996,67.185997,0.0
69.463997,3.3922E7,69.688004,66.842003,0.0
70.57,5.5434E7,71.898003,67.994003,0.0
71.93,4.699E7,72.099998,71.028,0.0
74.0,4.53075E7,74.379997,72.043999,0.0
71.463997,8.6307E7,75.374001,70.959999,0.0
71.802002,5.25885E7,72.900002,70.124001,0.0
75.190002,5.90395E7,75.199997,73.321999,0.0
76.132004,6.4092E7,76.849998,75.262001,0.0
75.068001,5.21325E7,75.092003,73.297997,0.0
74.279999,3.3655E7,75.601997,74.019997,0.0
73.959999,3.27465E7,75.339996,73.559998,0.0
74.447998,3.71935E7,75.776001,73.945999,0.0
75.279999,2.4616E7,75.398003,73.603996,0.0
76.522003,3.7649E7,77.0,74.713997,0.0
76.690002,3.2229E7,77.398003,75.870003,0.0
75.498001,3.30205E7,77.389999,74.620003,0.0
72.473999,3.4982E7,75.279999,72.403999,0.0
74.248001,3.15125E7,74.348,72.503998,0.0
72.150002,4.1105E7,74.199997,70.82,0.0
72.321999,2.92425E7,73.353996,71.924004,0.0
70.524002,3.1527E7,74.269997,70.300003,0.0
65.417999,8.52335E7,69.447998,65.265999,0.0
61.765999,9.66225E7,64.157997,61.259998,0.0
62.644001,7.08845E7,63.400002,61.476002,0.0
63.209999,6.91045E7,63.588001,60.625999,0.0
65.444,5.7797E7,65.456001,62.860001,0.0
65.903999,5.17305E7,66.620003,64.900002,0.0
64.681999,4.29725E7,66.32,63.993999,0.0
65.556,2.8126E7,65.683998,64.244003,0.0
63.914001,4.93845E7,65.419998,62.689999,0.0
65.648003,3.18685E7,65.825996,63.132,0.0
65.052002,3.1785E7,66.330002,64.643997,0.0
65.984001,2.5831E7,66.043999,64.839996,0.0
65.68,2.4508E7,66.251999,65.160004,0.0
68.503998,4.31855E7,68.68,66.001999,0.0
67.919998,3.4946E7,69.120003,66.830002,0.0
68.769997,2.4104E7,69.099998,67.624001,0.0
66.891998,4.1512E7,69.5,65.258003,0.0
67.014,2.4402E7,67.919998,66.501999,0.0
64.694,4.26755E7,68.297997,64.208,0.0
63.914001,4.15155E7,64.889999,63.226002,0.0
65.178001,6.54575E7,65.424004,62.243999,0.0
69.417999,6.7675E7,70.0,68.629997,0.0
71.382004,4.63445E7,71.454002,68.660004,0.0
71.033997,3.16225E7,71.896004,70.550003,0.0
73.043999,3.7249E7,73.716003,71.480003,0.0
72.706001,3.44605E7,74.0,71.790001,0.0
71.080002,3.54645E7,73.330002,70.931999,0.0
71.573997,2.1829E7,72.251999,70.723999,0.0
72.760002,2.2596E7,73.531998,72.519997,0.0
72.466003,1.54255E7,73.098,71.874001,0.0
72.582001,1.7069E7,73.300003,72.503998,0.0
70.384003,2.51385E7,72.660004,70.318001,0.0
69.491997,2.7041E7,70.800003,69.160004,0.0
67.571999,3.2477E7,69.164001,66.370003,0.0
68.269997,2.161E7,68.447998,67.473999,0.0
70.554001,2.47725E7,70.697998,67.660004,0.0
70.585999,2.29235E7,71.332001,69.947998,0.0
69.610001,1.742E7,71.138,69.459999,0.0
69.132004,1.882E7,69.470001,67.944,0.0
69.472,2.03685E7,69.809998,67.75,0.0
70.636002,1.70645E7,70.694,69.400002,0.0
71.18,2.0364E7,71.688004,70.564003,0.0
71.080002,1.52475E7,71.517998,70.737999,0.0
69.917999,1.91755E7,71.098,69.178001,0.0
68.905998,2.0457E7,70.195999,68.311996,0.0
70.122002,2.1196E7,70.496002,68.690002,0.0
68.68,1.63175E7,69.956001,68.459999,0.0
72.737999,3.83355E7,72.741997,70.0,0.0
72.550003,2.98645E7,73.751999,72.080002,0.0
73.246002,2.0926E7,73.613998,71.917999,0.0
75.528,3.60125E7,75.592003,72.526001,0.0
75.961998,2.71025E7,76.0,74.540001,0.0
77.0,3.594E7,77.921997,75.536003,0.0
75.019997,3.22595E7,76.477997,74.713997,0.0
74.781998,2.45955E7,75.650002,74.213997,0.0
73.295998,2.3091E7,75.365997,72.902,0.0
70.218002,4.0797E7,73.980003,70.176003,0.0
68.998001,3.80295E7,71.494003,68.575996,0.0
69.050003,3.57815E7,70.248001,68.18,0.0
68.194,3.03015E7,70.297997,68.099998,0.0
67.919998,2.6598E7,68.550003,67.080002,0.0
68.220001,2.55355E7,68.935997,67.720001,0.0
68.306,2.6434E7,68.739998,67.101997,0.0
69.627998,5.0768E7,69.709999,66.255997,0.0
71.001999,4.08175E7,71.723999,69.919998,0.0
71.066002,2.08585E7,71.487999,70.269997,0.0
71.375999,2.14875E7,72.019997,70.449997,0.0
68.587997,3.74685E7,70.349998,68.533997,0.0
71.117996,3.48925E7,71.125999,69.106003,0.0
70.919998,2.2504E7,71.519997,70.230003,0.0
71.136002,2.0435E7,71.956001,70.528,0.0
71.113998,1.77025E7,71.697998,70.736,0.0
70.120003,2.68775E7,70.896004,69.431999,0.0
71.150002,1.64665E7,71.244003,70.014,0.0
71.93,2.46955E7,72.599998,70.825996,0.0
70.362,2.5309E7,71.43,69.639999,0.0
69.019997,2.4652E7,70.910004,68.867996,0.0
67.403999,2.87365E7,69.989998,67.25,0.0
67.468002,2.24585E7,68.559998,67.232002,0.0
65.167999,4.29705E7,67.5,64.711998,0.0
65.234001,2.51175E7,66.045998,64.639999,0.0
64.174004,3.48985E7,64.917999,63.332001,0.0
64.015999,2.1272E7,64.755997,63.450001,0.0
66.306,2.83615E7,66.389999,64.036003,0.0
64.216003,4.22865E7,66.522003,64.052002,0.0
59.852001,9.8957E7,61.737999,58.526001,0.0
61.217999,4.447E7,61.25,59.026001,0.0
60.556,3.243E7,61.5,59.801998,0.0
61.209999,2.64715E7,61.299999,60.006001,0.0
60.877998,2.36265E7,61.377998,60.259998,0.0
60.598,2.72355E7,60.891998,59.259998,0.0
60.598,2.3127E7,61.672001,60.369999,0.0
63.080002,3.79245E7,63.360001,59.821999,0.0
61.740002,2.83805E7,63.27,61.380001,0.0
62.259998,2.98935E7,62.498001,60.299999,0.0
62.5,2.91105E7,63.627998,62.259998,0.0
63.009998,6.86755E7,65.334,62.630001,0.0
61.748001,4.12385E7,63.099998,60.950001,0.0
63.562,3.63065E7,63.646,61.742001,0.0
62.52,2.4588E7,63.484001,62.368,0.0
63.110001,1.62205E7,63.282001,62.200001,0.0
63.362,2.27795E7,63.467999,61.902,0.0
63.509998,2.47475E7,64.0,62.784,0.0
61.507999,4.3837E7,63.599998,60.245998,0.0
61.77,2.1758E7,62.139999,60.908001,0.0
61.306,2.14645E7,62.063999,61.009998,0.0
61.040001,2.91755E7,61.653999,60.122002,0.0
60.740002,2.32325E7,61.599998,60.200001,0.0
62.652,3.59765E7,62.678001,60.0,0.0
62.248001,2.3903E7,63.726002,62.209999,0.0
63.026001,1.73425E7,63.396,62.251999,0.0
65.781998,3.969E7,65.802002,62.75,0.0
68.206001,4.3666E7,68.288002,66.005997,0.0
67.806,3.11075E7,68.844002,67.300003,0.0
67.578003,2.89995E7,69.487999,67.379997,0.0
68.690002,3.4666E7,68.779999,67.152,0.0
67.774002,2.7381E7,69.346001,67.515999,0.0
66.220001,3.4125E7,68.297997,66.059998,0.0
65.795998,2.9769E7,66.620003,65.008003,0.0
66.332001,2.1926E7,66.748001,65.442001,0.0
65.040001,2.1079E7,66.183998,64.963997,0.0
63.458,2.1892E7,64.788002,63.316002,0.0
62.327999,2.35605E7,63.535999,62.150002,0.0
63.071999,2.15815E7,63.164001,61.908001,0.0
62.27,1.8886E7,63.282001,62.0,0.0
64.106003,2.1761E7,64.421997,62.200001,0.0
63.450001,2.26075E7,65.050003,63.110001,0.0
62.924,4.97315E7,63.709999,61.136002,0.0
63.316002,2.2956E7,63.448002,62.400002,0.0
67.281998,4.9297E7,67.403999,63.099998,0.0
66.737999,3.5733E7,67.760002,65.480003,0.0
66.959999,2.15495E7,67.400002,66.0,0.0
67.589996,3.32275E7,68.961998,66.652,0.0
67.244003,2.41255E7,68.082001,66.734001,0.0
68.012001,3.23715E7,69.0,66.959999,0.0
69.431999,3.55175E7,69.800003,67.949997,0.0
68.914001,2.8429E7,70.459999,68.748001,0.0
70.003998,2.44415E7,70.117996,68.519997,0.0
70.311996,3.1052E7,71.566002,69.839996,0.0
70.557999,2.7327E7,72.099998,70.199997,0.0
69.178001,2.64375E7,70.949997,68.704002,0.0
67.528,3.37015E7,69.839996,67.279999,0.0
68.57,2.2697E7,68.800003,67.141998,0.0
69.905998,2.37355E7,70.169998,67.655998,0.0
69.164001,2.35885E7,69.653999,68.433998,0.0
70.862,3.10705E7,71.237999,69.038002,0.0
69.849998,2.09885E7,71.931999,69.725998,0.0
68.75,1.8524E7,70.389999,68.101997,0.0
66.625999,2.23205E7,68.893997,66.599998,0.0
66.793999,2.5442E7,67.244003,64.699997,0.0
69.0,3.4846E7,69.199997,67.132004,0.0
63.046001,5.1573E7,69.723999,62.919998,0.0
62.084,6.46685E7,64.195999,58.952,0.0
63.146,3.1139E7,63.616001,61.25,0.0
64.732002,2.2801E7,64.837997,62.501999,0.0
64.461998,1.97535E7,65.234001,63.703999,0.0
66.814003,2.95645E7,66.823997,64.480003,0.0
67.098,2.8213E7,68.624001,66.328003,0.0
66.954002,2.0047E7,68.167999,66.300003,0.0
66.660004,1.6098E7,67.938004,66.634003,0.0
69.234001,3.4849E7,69.487999,66.949997,0.0
70.410004,2.9087E7,70.998001,69.419998,0.0
71.484001,2.17E7,71.800003,70.472,0.0
70.197998,2.3987E7,71.998001,70.001999,0.0
68.612,3.03485E7,71.047997,68.444,0.0
66.185997,3.4428E7,69.734001,66.014,0.0
67.024002,2.5464E7,67.043999,64.594002,0.0
66.669998,1.9119E7,67.550003,65.858002,0.0
65.639999,2.14285E7,67.274002,65.405998,0.0
66.459999,2.50365E7,66.5,64.348,0.0
65.82,1.7831E7,66.660004,65.253998,0.0
65.433998,2.7534E7,65.697998,64.473999,0.0
69.101997,4.132E7,69.442001,65.300003,0.0
68.367996,2.9829E7,69.442001,65.300003,0.0
65.325996,3.9837E7,67.961998,64.786003,0.0
65.120003,3.2824E7,66.57,64.220001,0.0
64.269997,3.05865E7,65.480003,63.813999,0.0
62.712002,3.74215E7,64.150002,61.933998,0.0
62.110001,2.38215E7,63.25,61.751999,0.0
63.306,2.9792E7,64.487999,62.037998,0.0
61.82,2.4699E7,63.764,61.636002,0.0
60.307999,3.32745E7,62.25,60.09,0.0
60.835999,4.1876E7,61.518002,58.271999,0.0
55.835999,6.936E7,60.854,55.436001,0.0
51.556,1.05007E8,53.736,50.419998,0.0
53.226002,7.58535E7,54.192001,49.641998,0.0
50.495998,8.057E7,52.066002,48.917999,0.0
53.506001,9.4222E7,54.669998,50.897999,0.0
57.388,9.94835E7,57.674,50.400002,0.0
61.144001,9.56055E7,61.251999,57.639999,0.0
59.860001,6.76015E7,61.855999,59.099998,0.0
57.931999,5.1249E7,61.900002,57.841999,0.0
60.939999,5.4949E7,61.419998,58.736,0.0
60.186001,3.74145E7,61.796001,59.931999,0.0
58.816002,3.8044E7,60.790001,58.736,0.0
60.068001,3.6636E7,60.790001,59.195999,0.0
58.242001,3.16925E7,59.931999,57.801998,0.0
57.537998,3.5E7,58.433998,56.501999,0.0
58.669998,3.27885E7,60.048,57.632,0.0
60.015999,3.0453E7,60.202,57.709999,0.0
58.048,2.81395E7,59.995998,57.950001,0.0
56.674,2.4467E7,58.324001,56.466,0.0
56.692001,2.84265E7,57.417999,55.692001,0.0
56.138,2.0068E7,57.032001,55.450001,0.0
57.096001,2.178E7,57.158001,55.299999,0.0
58.816002,2.1823E7,58.894001,56.765999,0.0
58.779999,2.1141E7,59.745998,58.5,0.0
59.984001,2.3128E7,60.164001,58.644001,0.0
60.23,4.4852E7,61.369999,59.556,0.0
56.889999,8.67605E7,57.608002,55.046001,0.0
58.818001,4.2847E7,59.372002,55.903999,0.0
60.554001,4.3391E7,61.192001,59.034,0.0
60.394001,2.965E7,61.549999,59.799999,0.0
61.369999,2.8637E7,61.402,60.009998,0.0
61.004002,2.8258E7,62.598,60.821999,0.0
60.212002,2.3398E7,61.776001,59.816002,0.0
58.394001,3.6434E7,60.987999,58.324001,0.0
56.835999,4.7596E7,57.391998,56.099998,0.0
57.296001,2.837E7,57.762001,56.312,0.0
56.908001,2.2103E7,57.838001,56.793999,0.0
55.363998,3.62595E7,56.93,54.799999,0.0
56.897999,4.5913E7,58.298,56.259998,0.0
55.001999,4.4729E7,57.599998,54.683998,0.0
55.813999,2.99255E7,55.981998,54.799999,0.0
55.57,2.08835E7,56.222,54.978001,0.0
55.77,1.93755E7,55.928001,55.122002,0.0
56.751999,2.8333E7,57.299999,55.23,0.0
58.344002,3.74485E7,59.001999,56.32,0.0
56.945999,2.95985E7,58.074001,56.585999,0.0
58.363998,2.7122E7,58.389999,56.768002,0.0
59.348,2.3989E7,59.799999,58.709999,0.0
58.226002,2.9976E7,59.560001,57.348,0.0
63.900002,9.38365E7,64.433998,59.495998,0.0
63.217999,7.17265E7,66.0,62.716,0.0
63.532001,4.1026E7,64.896004,63.43,0.0
66.419998,6.59175E7,66.931999,64.5,0.0
68.554001,1.11737E8,70.994003,67.599998,0.0
68.956001,4.7349E7,69.440002,67.959999,0.0
71.543999,5.4905E7,71.75,69.32,0.0
71.634003,5.42415E7,72.933998,70.25,0.0
74.166,6.0366E7,74.746002,70.900002,0.0
70.510002,6.38095E7,74.0,69.25,0.0
72.444,4.19185E7,72.875999,70.400002,0.0
69.501999,3.98355E7,73.241997,69.253998,0.0
66.725998,5.13305E7,70.449997,66.400002,0.0
66.601997,3.46565E7,67.694,65.5,0.0
68.400002,3.72625E7,68.709999,65.160004,0.0
68.900002,4.16685E7,70.157997,67.900002,0.0
69.986,4.199E7,71.403999,69.222,0.0
68.589996,3.2462E7,70.772003,68.482002,0.0
67.014,9.3799E7,72.956001,65.970001,0.0
62.172001,6.1413E7,66.498001,61.938,0.0
61.832001,8.7382E7,62.877998,59.243999,0.0
61.779999,4.43275E7,62.414001,60.400002,0.0
63.702,3.7984E7,63.703999,61.599998,0.0
64.494003,4.73575E7,65.536003,63.84,0.0
63.792,2.44205E7,64.388,63.014,0.0
63.341999,2.8606E7,64.646004,62.554001,0.0
63.773998,2.9349E7,63.916,61.849998,0.0
62.02,3.90935E7,63.032001,61.25,0.0
64.538002,3.4981E7,64.947998,61.700001,0.0
64.769997,2.8121E7,65.099998,63.25,0.0
64.045998,2.95765E7,64.708,62.801998,0.0
62.716,2.5811E7,64.648003,62.341999,0.0
60.639999,5.49645E7,61.099998,58.571999,0.0
59.486,4.7954E7,61.543999,58.509998,0.0
61.748001,3.5377E7,61.924,58.900002,0.0
61.330002,2.31525E7,62.139999,60.728001,0.0
59.436001,2.85165E7,61.537998,59.068001,0.0
58.034,3.40705E7,59.220001,57.226002,0.0
59.627998,2.53845E7,59.664001,57.813999,0.0
60.167999,5.0647E7,60.599998,58.599998,0.0
69.907997,1.16075E8,69.998001,64.632004,0.0
69.634003,6.82825E7,71.0,68.505997,0.0
68.398003,4.28215E7,70.996002,68.363998,0.0
75.914001,1.54379E8,77.491997,67.830002,0.0
74.068001,1.22856E8,76.528,73.424004,0.0
70.489998,8.5919E7,73.402,69.146004,0.0
71.098,5.776E7,72.0,69.199997,0.0
71.281998,5.23195E7,72.638,69.804001,0.0
69.528,3.4932E7,71.839996,69.419998,0.0
67.737999,4.55065E7,68.898003,66.428001,0.0
67.089996,3.032E7,68.456001,66.764,0.0
61.099998,9.4793E7,65.353996,60.706001,0.0
61.688,8.70115E7,61.700001,57.639999,0.0
64.379997,6.5861E7,64.958,61.799999,0.0
64.328003,2.973E7,64.776001,62.933998,0.0
64.019997,2.57365E7,65.463997,63.619999,0.0
64.564003,1.8013E7,64.769997,63.880001,0.0
63.854,6.53965E7,64.487999,61.762001,0.0
62.372002,3.82455E7,63.776001,62.237999,0.0
61.001999,3.7237E7,62.369999,60.737999,0.0
60.630001,3.60835E7,60.919998,59.543999,0.0
60.332001,2.68755E7,61.062,59.720001,0.0
57.790001,4.17525E7,59.638,57.599998,0.0
56.147999,3.8604E7,57.355999,55.436001,0.0
56.189999,3.7404E7,58.234001,55.776001,0.0
52.647999,1.124595E8,53.669998,50.450001,0.0
57.099998,7.14175E7,57.206001,54.200001,0.0
55.888,4.585E7,56.400002,54.709999,0.0
58.108002,5.0077E7,58.5,55.73,0.0
57.891998,3.17015E7,59.0,57.035999,0.0
59.040001,3.3828E7,59.466,57.304001,0.0
58.967999,3.4438E7,60.174,57.625999,0.0
56.992001,8.27375E7,60.528,55.099998,0.0
59.804001,4.14745E7,60.0,56.099998,0.0
59.666,3.6747E7,61.195999,58.666,0.0
59.82,2.52525E7,60.116001,59.074001,0.0
59.936001,2.4215E7,60.599998,58.716,0.0
60.198002,2.24085E7,60.919998,59.299999,0.0
61.916,3.9216E7,62.778,60.222,0.0
61.504002,4.25455E7,62.992001,61.382,0.0
52.953999,1.682485E8,55.599998,52.112,0.0
62.139999,1.08888E8,62.287998,60.209999,0.0
60.203999,5.87175E7,63.368,59.830002,0.0
58.959999,3.9975E7,60.919998,58.313999,0.0
56.366001,4.9071E7,58.799999,55.534,0.0
52.389999,8.97225E7,54.976002,52.0,0.0
50.112,6.73635E7,53.551998,49.799999,0.0
52.560001,6.0303E7,53.354,50.66,0.0
51.375999,6.40765E7,53.102001,49.554001,0.0
50.445999,4.08385E7,52.450001,49.806,0.0
51.756001,3.6007E7,52.397999,50.402,0.0
51.917999,3.1E7,52.655998,50.908001,0.0
55.318001,4.7632E7,55.476002,52.448002,0.0
54.355999,4.32775E7,56.540001,53.16,0.0
52.782001,2.7106E7,54.200001,52.599998,0.0
52.0,4.68775E7,53.931999,50.700001,0.0
52.189999,2.80015E7,52.372002,50.518002,0.0
58.827999,9.5139E7,59.585999,52.419998,0.0
57.700001,1.002915E8,60.888,57.146,0.0
62.972,1.042035E8,64.199997,60.202,0.0
66.18,1.371275E8,67.980003,61.330002,0.0
66.970001,7.243E7,69.431999,65.300003,0.0
65.980003,4.56335E7,67.580002,64.452003,0.0
67.463997,3.81215E7,68.400002,65.82,0.0
68.856003,4.00005E7,69.568001,66.945999,0.0
69.281998,3.904E7,69.839996,68.181999,0.0
68.279999,3.9155E7,68.792,66.028,0.0
68.211998,3.38145E7,69.760002,67.218002,0.0
69.632004,3.68725E7,70.236,68.160004,0.0
70.279999,3.54535E7,71.515999,69.688004,0.0
70.101997,2.5494E7,70.800003,69.045998,0.0
66.255997,3.47075E7,69.956001,66.068001,0.0
67.746002,2.7243E7,68.940002,66.440002,0.0
68.800003,2.52015E7,69.421997,67.43,0.0
69.688004,2.31285E7,69.716003,67.807999,0.0
70.862,3.6031E7,71.139999,69.024002,0.0
70.694,4.85445E7,73.349998,70.575996,0.0
69.498001,4.00235E7,69.959999,66.709999,0.0
67.638,2.3434E7,70.620003,67.480003,0.0
65.166,2.1013E7,67.5,65.110001,0.0
69.199997,3.99605E7,69.244003,65.0,0.0
68.783997,3.17915E7,69.391998,67.099998,0.0
69.573997,2.0638E7,69.655998,68.442001,0.0
68.234001,1.54035E7,69.5,67.910004,0.0
70.096001,2.81455E7,70.32,67.652,0.0
71.697998,4.15325E7,73.199997,70.400002,0.0
71.940002,4.23095E7,73.736,70.400002,0.0
72.612,3.92125E7,73.475998,70.152,0.0
71.594002,5.7556E7,75.898003,71.529999,0.0
73.029999,3.30675E7,73.195999,70.624001,0.0
73.351997,3.1544E7,74.433998,72.045998,0.0
73.32,2.5135E7,74.382004,73.031998,0.0
75.358002,3.68295E7,75.487999,73.349998,0.0
73.141998,3.1688E7,75.573997,72.865997,0.0
69.683998,3.837E7,73.139999,68.776001,0.0
67.405998,3.55E7,70.309998,66.737999,0.0
66.594002,4.1371E7,69.402,65.947998,0.0
63.076,4.53595E7,66.057999,62.374001,0.0
63.953999,4.0084E7,64.694,62.487999,0.0
59.077999,2.77995E7,62.900002,59.040001,0.0
65.218002,4.08155E7,65.393997,58.818001,0.0
63.226002,4.28755E7,64.433998,60.299999,0.0
66.774002,4.9695E7,67.248001,63.681999,0.0
66.559998,3.15115E7,67.842003,65.052002,0.0
62.023998,5.8293E7,63.026001,59.759998,0.0
60.071999,3.4826E7,61.880001,59.476002,0.0
63.537998,3.69705E7,63.599998,60.546001,0.0
66.991997,3.7756E7,67.348,63.549999,0.0
67.07,3.50425E7,68.802002,65.403999,0.0
67.706001,2.71645E7,68.699997,66.293999,0.0
68.994003,3.0282E7,69.078003,66.358002,0.0
69.452003,2.51955E7,69.681999,67.753998,0.0
66.879997,2.62365E7,68.5,66.800003,0.0
68.886002,3.0283E7,69.760002,66.900002,0.0
69.209999,2.34585E7,70.400002,68.699997,0.0
69.461998,1.83835E7,70.300003,68.830002,0.0
60.452,1.20754E8,65.426003,59.945999,0.0
59.784,6.03335E7,61.599998,59.099998,0.0
57.518002,6.265E7,58.900002,56.338001,0.0
58.301998,4.0061E7,58.736,55.855999,0.0
59.408001,3.6248E7,59.703999,57.91,0.0
59.276001,3.21165E7,59.492001,57.549999,0.0
59.492001,2.31085E7,59.712002,58.360001,0.0
61.754002,5.62515E7,61.799999,59.698002,0.0
61.403999,6.2846E7,62.312,58.799999,0.0
62.442001,3.6417E7,63.220001,60.700001,0.0
62.577999,3.67605E7,63.060001,60.375999,0.0
64.269997,3.3714E7,64.487999,62.450001,0.0
63.444,2.51925E7,64.848,63.124001,0.0
61.501999,3.2603E7,62.939999,60.599998,0.0
61.16,2.9221E7,61.490002,59.700001,0.0
62.568001,3.56485E7,63.720001,62.099998,0.0
62.362,2.7588E7,63.638,61.924,0.0
61.633999,2.5708E7,62.549999,61.113998,0.0
60.754002,2.6004E7,61.354,60.200001,0.0
61.576,1.95245E7,61.599998,60.779999,0.0
61.127998,2.0842E7,62.307999,61.094002,0.0
60.512001,3.57105E7,61.259998,59.799999,0.0
58.245998,4.4546E7,60.647999,58.099998,0.0
58.942001,2.8703E7,59.299999,58.419998,0.0
59.754002,3.31325E7,60.580002,59.400002,0.0
59.571999,4.29125E7,60.402,57.754002,0.0
62.948002,5.59195E7,63.259998,60.110001,0.0
63.976002,5.26035E7,64.0,62.161999,0.0
58.958,1.14557E8,61.425999,58.380001,0.0
57.071999,8.5484E7,59.799999,56.556,0.0
55.307999,9.38235E7,56.799999,54.02,0.0
55.248001,5.16775E7,56.301998,54.877998,0.0
55.318001,4.72125E7,56.939999,54.849998,0.0
56.827999,4.4098E7,57.118,55.178001,0.0
58.183998,3.69615E7,58.256001,56.099998,0.0
56.672001,3.75205E7,57.613998,56.212002,0.0
57.792,3.42235E7,58.397999,56.540001,0.0
57.992001,3.5517E7,59.077999,57.658001,0.0
55.085999,7.39275E7,56.743999,54.880001,0.0
53.897999,5.1405E7,55.610001,53.459999,0.0
53.493999,5.9003E7,54.66,52.692001,0.0
54.720001,3.4541E7,54.993999,53.259998,0.0
54.804001,2.97355E7,55.290001,53.689999,0.0
52.905998,4.3728E7,54.560001,52.799999,0.0
52.084,5.1075E7,52.636002,50.891998,0.0
53.554001,3.67545E7,54.051998,52.886002,0.0
54.966,4.3896E7,55.074001,53.636002,0.0
55.723999,3.38705E7,56.066002,55.02,0.0
55.972,2.99565E7,56.032001,54.900002,0.0
57.835999,4.0552E7,57.84,56.256001,0.0
57.175999,2.73945E7,57.888,56.776001,0.0
58.362,3.9597E7,59.234001,57.433998,0.0
53.556,1.186035E8,54.240002,52.118,0.0
54.992001,6.51915E7,55.220001,53.222,0.0
54.639999,5.2052E7,56.231998,54.088001,0.0
54.462002,2.952E7,55.0,53.922001,0.0
55.212002,3.53065E7,55.675999,54.577999,0.0
53.683998,4.91795E7,54.099998,53.119999,0.0
53.540001,3.373E7,54.389999,53.366001,0.0
53.276001,5.0193E7,53.776001,51.726002,0.0
54.672001,3.63645E7,55.0,52.944,0.0
54.245998,2.56325E7,54.958,53.708,0.0
54.652,2.93815E7,54.967999,53.950001,0.0
52.549999,6.07355E7,53.936001,52.495998,0.0
52.779999,5.47195E7,53.119999,51.150002,0.0
51.731998,5.36375E7,53.063999,51.599998,0.0
49.526001,1.09247E8,51.799999,49.214001,0.0
47.028,1.118035E8,49.335999,46.226002,0.0
48.293999,8.35725E7,48.796001,46.433998,0.0
47.737999,4.7323E7,48.841999,47.400002,0.0
46.801998,5.3522E7,48.0,46.299999,0.0
48.82,9.07965E7,49.425999,47.543999,0.0
51.006001,1.18534E8,51.321999,48.698002,0.0
51.068001,5.41695E7,51.669998,49.700001,0.0
49.411999,5.0657E7,51.442001,49.02,0.0
48.967999,3.0882E7,50.119999,48.84,0.0
48.396,3.3557E7,48.736,47.388,0.0
47.903999,3.50415E7,48.397999,47.203999,0.0
45.402,5.4174E7,46.493999,44.900002,0.0
46.462002,3.6262E7,46.900002,45.599998,0.0
46.389999,3.648E7,46.487999,45.049999,0.0
45.666,3.74165E7,46.200001,45.299999,0.0
42.206001,8.89335E7,44.448002,41.784,0.0
41.071999,1.02631E8,41.200001,39.049999,0.0
41.015999,9.00195E7,41.48,39.208,0.0
38.546001,9.3426E7,40.787998,38.355999,0.0
39.098,1.327355E8,39.894001,37.243999,0.0
38.125999,7.0683E7,39.995998,37.75,0.0
37.740002,5.15645E7,39.0,37.57,0.0
37.972,5.9843E7,38.478001,37.007999,0.0
37.644001,3.96325E7,38.452,37.403999,0.0
37.032001,5.20335E7,37.984001,36.82,0.0
35.793999,6.5322E7,37.335999,35.397999,0.0
38.720001,6.90375E7,38.796001,35.922001,0.0
39.318001,6.7554E7,40.256001,38.369999,0.0
41.189999,1.01211E8,42.200001,40.360001,0.0
40.900002,8.00175E7,42.167999,40.700001,0.0
42.576,5.2925E7,43.388,41.801998,0.0
43.419998,5.82675E7,44.18,42.700001,0.0
41.852001,7.59875E7,44.675999,41.799999,0.0
42.782001,4.08415E7,42.98,41.501999,0.0
42.984001,3.7167E7,43.330002,42.080002,0.0
45.006001,6.1584E7,45.400002,42.854,0.0
44.948002,6.3579E7,46.948002,44.512001,0.0
45.285999,3.28755E7,45.554001,44.212002,0.0
43.924,5.93175E7,45.380001,43.27,0.0
44.372002,4.10105E7,44.436001,43.099998,0.0
44.728001,2.8754E7,45.172001,44.203999,0.0
43.952,3.09105E7,45.068001,43.897999,0.0
43.854,4.2536E7,45.445999,43.619999,0.0
44.568001,3.16985E7,44.580002,43.470001,0.0
44.692001,3.4257E7,45.034,44.16,0.0
45.433998,4.1067E7,46.619999,45.256001,0.0
44.91,4.6295E7,45.830002,44.444,0.0
46.98,7.10055E7,48.313999,46.902,0.0
46.619999,3.53285E7,47.09,46.16,0.0
46.068001,2.94025E7,46.450001,45.731998,0.0
46.012001,3.0954E7,46.200001,45.456001,0.0
47.784,4.57285E7,47.787998,46.627998,0.0
47.720001,3.7572E7,48.299999,47.16,0.0
49.015999,4.60025E7,49.076,47.942001,0.0
50.700001,5.50005E7,50.883999,48.972,0.0
50.476002,4.0745E7,50.706001,49.585999,0.0
50.972,4.88235E7,51.661999,50.669998,0.0
50.708,2.3793E7,51.150002,50.377998,0.0
51.636002,3.5242E7,51.992001,50.924,0.0
51.136002,3.4212E7,52.43,50.838001,0.0
52.034,2.51155E7,52.096001,50.900002,0.0
52.976002,5.5364E7,53.214001,51.632,0.0
45.764,1.120915E8,46.900002,45.110001,0.0
45.608002,5.01385E7,46.051998,44.450001,0.0
47.153999,4.63665E7,47.188,45.206001,0.0
48.452,4.0545E7,48.672001,46.436001,0.0
48.321999,4.5891E7,49.335999,47.330002,0.0
46.77,4.12975E7,48.902,46.354,0.0
46.868,3.06825E7,47.254002,45.846001,0.0
45.664001,3.51415E7,46.273998,45.155998,0.0
46.150002,2.7821E7,46.5,45.150002,0.0
46.683998,2.38825E7,46.714001,45.16,0.0
47.66,2.63715E7,47.959999,46.529999,0.0
47.001999,1.9491E7,47.792,46.762001,0.0
45.801998,2.33195E7,47.153999,45.75,0.0
47.0,2.42405E7,47.200001,45.509998,0.0
43.924,4.7813E7,46.299999,43.338001,0.0
43.127998,4.0798E7,44.312,42.310001,0.0
43.987999,2.54925E7,44.448002,43.203999,0.0
45.366001,2.6548E7,45.566002,44.34,0.0
45.172001,2.0626E7,45.818001,44.908001,0.0
44.166,3.89715E7,44.644001,43.52,0.0
44.43,3.2795E7,45.080002,43.644001,0.0
42.279999,4.2693E7,44.234001,42.200001,0.0
43.0,2.52595E7,43.004002,42.307999,0.0
42.816002,2.7081E7,43.759998,42.405998,0.0
43.118,1.61275E7,43.450001,42.462002,0.0
44.341999,2.58975E7,44.68,43.599998,0.0
45.122002,4.6603E7,46.487999,44.841999,0.0
45.001999,2.67705E7,45.790001,44.632,0.0
44.136002,2.8805E7,45.692001,43.841999,0.0
45.916,3.69765E7,45.959999,44.169998,0.0
45.490002,2.0947E7,45.928001,45.034,0.0
46.358002,2.40135E7,46.751999,45.846001,0.0
47.108002,2.44185E7,47.108002,45.787998,0.0
49.419998,5.0214E7,49.633999,47.200001,0.0
49.174,4.2906E7,50.700001,48.880001,0.0
49.040001,2.65655E7,49.689999,48.973999,0.0
48.562,2.36405E7,49.486,48.234001,0.0
48.958,1.9327E7,49.119999,48.074001,0.0
48.698002,2.0851E7,49.633999,48.473999,0.0
49.32,2.3979E7,49.588001,48.967999,0.0
48.124001,3.1765E7,49.389999,47.632,0.0
48.245998,2.1701E7,49.035999,47.844002,0.0
44.641998,6.44575E7,48.397999,44.521999,0.0
45.740002,4.71355E7,45.796001,43.672001,0.0
48.512001,5.94225E7,48.661999,45.48,0.0
48.425999,5.5582E7,49.742001,47.745998,0.0
48.174,2.9399E7,48.796001,47.222,0.0
48.938,3.0813E7,49.189999,47.826,0.0
48.625999,2.8157E7,48.93,47.886002,0.0
46.605999,7.54225E7,46.896,44.855999,0.0
46.285999,3.9975E7,46.956001,45.613998,0.0
47.543999,4.0321E7,47.712002,45.709999,0.0
48.009998,4.3391E7,48.787998,46.900002,0.0
48.905998,3.4472E7,49.459999,48.130001,0.0
48.948002,3.14165E7,49.855999,48.316002,0.0
49.577999,4.2377E7,50.216,49.362,0.0
51.391998,5.1025E7,51.709999,49.425999,0.0
51.577999,3.2164E7,52.0,50.824001,0.0
51.950001,3.34205E7,52.419998,51.383999,0.0
52.394001,2.38465E7,52.956001,52.034,0.0
51.389999,2.8749E7,52.560001,51.02,0.0
50.700001,2.51015E7,51.900002,50.035999,0.0
51.116001,2.3004E7,51.666,50.169998,0.0
50.936001,2.63055E7,51.228001,50.27,0.0
59.936001,1.486045E8,60.986,57.84,0.0
65.625999,1.500305E8,66.0,59.222,0.0
65.542,9.43515E7,68.167999,64.519997,0.0
63.243999,6.34215E7,64.860001,62.950001,0.0
63.001999,4.8209E7,63.757999,61.993999,0.0
62.984001,2.5335E7,63.799999,62.599998,0.0
62.661999,3.19195E7,63.296001,61.959999,0.0
63.493999,4.3935E7,64.388,61.852001,0.0
63.444,3.4717E7,64.702003,63.223999,0.0
65.316002,3.97045E7,65.344002,62.900002,0.0
67.108002,7.23365E7,68.300003,65.603996,0.0
67.428001,3.0346E7,67.491997,66.5,0.0
69.017998,4.99335E7,69.837997,68.400002,0.0
69.986,3.6797E7,70.073997,68.807999,0.0
69.222,4.21005E7,71.265999,69.036003,0.0
69.870003,3.23245E7,70.767998,68.582001,0.0
70.433998,2.4045E7,70.559998,69.671997,0.0
69.998001,2.2002E7,70.629997,69.220001,0.0
71.903999,3.8624E7,71.998001,69.559998,0.0
70.444,3.36255E7,72.239998,69.914001,0.0
70.966003,3.055E7,72.167999,70.800003,0.0
66.608002,8.4353E7,68.199997,66.0,0.0
67.267998,6.16975E7,68.914001,66.891998,0.0
65.783997,3.9737E7,67.099998,65.419998,0.0
66.258003,2.7778E7,66.786003,65.713997,0.0
65.987999,1.2328E7,66.251999,65.5,0.0
66.973999,3.03725E7,67.276001,65.737999,0.0
67.239998,3.28685E7,67.582001,66.438004,0.0
66.606003,2.7665E7,67.571999,66.57,0.0
66.073997,1.8623E7,66.884003,65.449997,0.0
67.178001,3.8062E7,67.772003,66.954002,0.0
67.905998,4.51155E7,68.889999,67.015999,0.0
69.767998,4.41415E7,70.146004,67.862,0.0
70.540001,3.4489E7,71.438004,70.218002,0.0
71.935997,3.88195E7,72.547997,70.646004,0.0
71.678001,3.28545E7,73.042,70.928001,0.0
76.300003,9.0871E7,76.722,72.5,0.0
75.797997,4.2484E7,77.099998,75.18,0.0
78.629997,7.0605E7,79.043999,76.115997,0.0
80.807999,9.05355E7,81.370003,79.300003,0.0
81.117996,7.37635E7,82.599998,80.038002,0.0
83.844002,6.6598E7,84.402,82.0,0.0
85.050003,4.02735E7,85.094002,82.538002,0.0
86.188004,5.31695E7,86.695999,85.269997,0.0
86.075996,4.97285E7,87.061996,85.222,0.0
82.940002,6.2932E7,85.800003,81.851997,0.0
83.666,5.14285E7,84.258003,80.416,0.0
86.052002,4.76605E7,86.139999,84.342003,0.0
88.601997,8.88925E7,90.800003,87.384003,0.0
90.307999,5.0665E7,90.311996,88.0,0.0
93.811996,8.94105E7,94.325996,90.671997,0.0
98.428001,1.557215E8,99.697998,93.646004,0.0
96.267998,1.42202E8,99.760002,94.573997,0.0
95.629997,6.47975E7,96.987999,94.739998,0.0
104.972,1.32588E8,105.125999,98.400002,0.0
107.584,1.44981E8,109.482002,104.980003,0.0
103.699997,8.6844E7,107.568001,103.358002,0.0
102.697998,1.086835E8,102.891998,98.433998,0.0
102.099998,6.81455E7,103.134003,100.632004,0.0
109.440002,8.90175E7,109.716003,105.681999,0.0
113.912003,1.56845E8,118.900002,111.82,0.0
114.440002,9.8255E7,116.400002,111.120003,0.0
112.963997,7.1768E7,114.772003,110.851997,0.0
111.603996,6.80405E7,112.888,107.856003,0.0
113.379997,5.89425E7,115.362,111.615997,0.0
116.197998,8.90075E7,117.959999,113.486,0.0
128.162003,1.450285E8,130.175995,123.599998,0.0
130.113998,7.85965E7,130.600006,126.503998,0.0
156.0,2.361675E8,157.227997,134.703995,0.0
177.412003,3.04694E8,193.798004,166.776001,0.0
146.940002,2.42119E8,169.195999,140.822006,0.0
149.792007,1.99404E8,159.166,137.399994,0.0
149.613998,8.53175E7,153.949997,146.0,0.0
154.255997,1.23446E8,163.998001,150.479996,0.0
154.876007,5.84875E7,156.701996,151.600006,0.0
153.457993,6.01125E7,157.949997,152.673996,0.0
160.800003,1.314465E8,163.600006,147.0,0.0
160.005997,7.84685E7,162.593994,157.100006,0.0
171.679993,8.19085E7,172.0,166.472,0.0
183.483994,1.27115E8,188.955994,180.203995,0.0
179.882004,8.81745E7,182.399994,171.988007,0.0
180.199997,7.1574E7,182.612,176.089996,0.0
166.757996,7.5961E7,172.699997,164.440002,0.0
159.981995,8.64525E7,171.320007,157.399994,0.0
155.759995,7.04275E7,162.662003,155.222,0.0
135.800003,1.21386E8,147.953995,133.800003,0.0
133.598007,1.22821E8,138.104004,122.304001,0.0
148.723999,1.00975E8,148.738007,137.334,0.0
149.102005,1.2892E8,161.395996,143.222,0.0
149.899994,7.5245E7,153.304001,144.945999,0.0
144.908005,5.42635E7,149.149994,143.613998,0.0
140.695999,6.33145E7,141.399994,136.854004,0.0
121.599998,8.53685E7,132.600006,121.0,0.0
129.065994,7.7972E7,133.600006,121.599998,0.0
126.846001,6.66125E7,130.716003,122.599998,0.0
112.110001,9.45455E7,118.900002,109.25,0.0
109.323997,1.132015E8,121.514,100.400002,0.0
89.014,1.024475E8,98.973999,88.433998,0.0
86.040001,1.19973E8,94.370003,79.199997,0.0
72.244003,1.18931E8,80.972,70.101997,0.0
85.528,1.509775E8,90.400002,71.692001,0.0
85.505997,1.414275E8,95.400002,85.157997,0.0
86.858002,8.22725E7,88.400002,82.099998,0.0
101.0,1.14476E8,102.737999,94.800003,0.0
107.849998,1.061135E8,111.400002,102.222,0.0
105.632004,8.69035E7,112.0,102.449997,0.0
102.872002,7.1887E7,105.160004,98.806,0.0
100.426003,5.99905E7,103.330002,98.246002,0.0
104.800003,8.88575E7,108.592003,99.400002,0.0
96.311996,6.6766E7,102.790001,95.019997,0.0
90.893997,9.9292E7,98.851997,89.279999,0.0
96.001999,2.25621E7,103.098,93.678001,0.0
103.248001,1.49018E7,104.199997,99.592003,0.0
109.089996,1.79198E7,113.0,106.468002,0.0
109.767998,1.2656E7,111.442001,106.666,0.0
114.599998,1.365E7,115.036003,111.421997,0.0
130.190002,2.24754E7,130.399994,116.106003,0.0
141.977997,3.05765E7,148.376007,138.485992,0.0
145.966003,2.3577E7,150.626007,142.0,0.0
149.042007,2.06579E7,151.889999,141.343994,0.0
150.778,1.31282E7,154.990005,149.531998,0.0
149.272003,1.47466E7,153.113998,142.442001,0.0
137.343994,2.02091E7,150.666,134.757996,0.0
146.421997,1.42248E7,146.800003,137.742004,0.0
141.126007,1.32367E7,146.800003,140.626007,0.0
145.029999,1.32376E7,146.145996,139.636002,0.0
159.75,2.06814E7,159.897995,147.0,0.0
153.824005,1.5222E7,161.0,151.337997,0.0
160.102005,1.6216E7,160.639999,156.632004,0.0
156.376007,2.84719E7,173.964005,152.699997,0.0
140.264008,3.25318E7,154.554001,136.608002,0.0
152.238007,1.92371E7,152.399994,139.600006,0.0
153.641998,1.69917E7,159.783997,152.436005,0.0
156.516006,1.11232E7,157.960007,152.222,0.0
156.007996,1.15277E7,159.279999,154.470001,0.0
163.884003,1.61301E7,164.800003,157.401993,0.0
162.257996,1.65196E7,164.800003,157.0,0.0
161.882004,1.59069E7,168.658005,161.600006,0.0
158.192001,1.90655E7,165.199997,152.660004,0.0
160.666,1.36822E7,160.671997,152.800003,0.0
159.834,1.05184E7,161.009995,157.309998,0.0
162.725998,1.16981E7,166.944,160.776001,0.0
161.602005,9636500.0,164.414001,161.216003,0.0
163.112,7309300.0,165.199997,162.360001,0.0
165.520004,1.22546E7,166.5,159.199997,0.0
163.376007,9987500.0,166.356003,162.399994,0.0
163.774002,8089700.0,166.919998,163.141998,0.0
164.046005,1.15495E7,165.542007,157.0,0.0
161.162003,7255600.0,164.949997,160.337997,0.0
167.0,1.18125E7,167.0,160.841995,0.0
179.619995,1.49395E7,179.800003,170.820007,0.0
176.311996,1.35656E7,181.731995,174.199997,0.0
176.591995,7949500.0,179.587997,176.020004,0.0
172.876007,8887700.0,179.149994,171.688004,0.0
177.132004,7811900.0,177.304001,173.240005,0.0
189.983994,1.41747E7,190.0,181.832001,0.0
188.134003,1.13882E7,190.888,184.785995,0.0
205.009995,1.83772E7,205.496002,196.5,0.0
194.567993,7.95825E7,203.792007,194.399994,0.0
187.056,8.3817E7,197.595993,182.520004,0.0
198.179993,7.8486E7,199.768005,181.699997,0.0
196.425995,7.02555E7,202.576004,192.477997,0.0
198.358002,4.9454E7,201.0,196.514008,0.0
200.792007,4.87595E7,203.839996,198.893997,0.0
200.179993,4.33985E7,203.194,198.268005,0.0
198.863998,3.1812E7,201.776001,198.003998,0.0
200.356003,3.18265E7,202.399994,198.802002,0.0
192.169998,5.4798E7,200.175995,190.628006,0.0
197.195999,4.62725E7,197.195999,187.429993,0.0
191.947998,4.42745E7,199.0,190.973999,0.0
201.869995,4.5132E7,202.0,189.703995,0.0
215.962006,8.45925E7,217.537994,200.746002,0.0
223.925995,6.66345E7,227.065994,216.100006,0.0
241.731995,8.62505E7,245.600006,237.119995,0.0
274.31601,1.028495E8,275.558014,253.207993,0.0
277.971985,1.074485E8,285.899994,267.34201,0.0
273.175995,8.15565E7,283.451996,262.268005,0.0
278.855988,5.8588E7,281.712006,270.256012,0.0
308.929993,1.16688E8,309.783997,275.201996,0.0
299.411987,1.94927E8,358.997986,294.221985,0.0
303.359985,1.170905E8,318.0,286.200012,0.0
309.201996,8.1839E7,310.0,291.399994,0.0
300.127991,7.1504E7,306.34201,293.200012,0.0
300.167999,4.665E7,307.502014,298.0,0.0
328.600006,8.5607E7,330.0,297.600006,0.0
313.671997,8.07865E7,335.0,311.600006,0.0
318.466003,7.08055E7,325.283997,312.399994,0.0
302.614014,1.216425E8,337.799988,296.153992,0.0
283.399994,9.6983E7,293.0,273.308014,0.0
307.920013,8.02435E7,309.588013,282.600006,0.0
295.298004,7.90435E7,312.940002,294.884003,0.0
299.821991,4.71345E7,306.962006,297.399994,0.0
297.497986,3.8105E7,302.64801,294.200012,0.0
286.152008,6.1235E7,303.410004,284.196014,0.0
297.0,4.40465E7,301.962006,288.876007,0.0
297.399994,4.2075E7,305.481995,292.399994,0.0
297.003998,2.489E7,299.967987,293.661987,0.0
297.915985,2.99615E7,303.462006,295.451996,0.0
290.541992,4.4482E7,299.950012,283.002014,0.0
283.713989,3.76115E7,291.5,277.167999,0.0
274.877991,4.3129E7,284.0,273.0,0.0
310.951996,1.09494E8,317.0,287.0,0.0
324.200012,1.021265E8,330.235992,313.451996,0.0
330.141998,6.2888E7,333.76001,325.328003,0.0
367.127991,1.012115E8,369.171997,334.56601,0.0
377.417999,8.23725E7,384.779999,369.022003,0.0
375.705994,6.10265E7,382.200012,368.242004,0.0
400.365997,1.03059E8,404.39801,371.411987,0.0
409.996002,1.07448E8,419.097992,405.01001,0.0
402.839996,1.00318E8,425.799988,385.503998,0.0
404.667999,5.32945E7,405.589996,393.600006,0.0
430.634003,7.1197E7,433.200012,410.726013,0.0
447.75,1.18465E8,459.119995,428.5,0.0
442.679993,1.00406E8,463.697998,437.303986,0.0
498.320007,1.183744E8,500.140015,440.109985,0.0
475.049988,9.01194E7,502.48999,470.51001,0.0
447.369995,9.61761E7,479.040009,405.119995,0.0
407.0,8.75961E7,431.799988,402.0,0.0
418.320007,1.103219E8,428.0,372.019989,0.0
330.209991,1.154657E8,368.73999,329.880005,0.0
366.279999,7.94658E7,369.0,341.51001,0.0
371.339996,8.49306E7,398.98999,360.559998,0.0
372.720001,6.07175E7,382.5,360.5,0.0
419.619995,8.30206E7,420.0,373.299988,0.0
449.76001,9.72982E7,461.940002,430.700012,0.0
441.76001,7.22793E7,457.790009,435.309998,0.0
423.429993,7.67792E7,437.790009,408.0,0.0
442.149994,8.64068E7,451.0,428.799988,0.0
449.390015,1.094768E8,455.679993,407.070007,0.0
424.230011,7.95808E7,437.76001,417.600006,0.0
380.359985,9.50742E7,412.149994,375.880005,0.0
387.790009,9.65611E7,399.5,351.299988,0.0
407.339996,6.72085E7,408.730011,391.299988,0.0
421.200012,4.97196E7,428.079987,415.549988,0.0
419.070007,5.02193E7,428.5,411.600006,0.0
429.01001,4.81456E7,433.929993,420.470001,0.0
448.160004,5.07415E7,448.880005,434.420013,0.0
415.089996,7.143E7,439.130005,415.0,0.0
425.679993,4.47228E7,433.640015,419.329987,0.0
413.980011,4.91463E7,428.779999,406.049988,0.0
425.299988,4.31277E7,429.899994,413.850006,0.0
425.920013,4.04211E7,439.0,425.299988,0.0
434.0,2.89257E7,434.589996,426.459991,0.0
442.299988,3.87911E7,448.73999,438.579987,0.0
446.649994,3.44637E7,448.890015,436.600006,0.0
461.299988,4.80454E7,465.899994,447.350006,0.0
448.880005,3.56724E7,456.570007,442.5,0.0
439.670013,3.27759E7,455.950012,438.850006,0.0
430.829987,3.62878E7,447.0,428.869995,0.0
421.940002,3.16563E7,431.75,419.049988,0.0
422.640015,3.23705E7,432.950012,421.25,0.0
425.790009,3.99932E7,445.230011,424.51001,0.0
420.630005,3.3717E7,422.890015,407.380005,0.0
420.279999,2.82392E7,425.76001,410.0,0.0
424.679993,2.26865E7,430.5,420.100006,0.0
406.019989,2.54514E7,418.600006,406.0,0.0
410.829987,2.26553E7,418.059998,406.459991,0.0
388.040009,4.25113E7,407.589996,379.109985,0.0
400.51001,2.90211E7,406.980011,392.299988,0.0
423.899994,3.43517E7,427.769989,406.690002,0.0
420.980011,3.21431E7,435.399994,417.100006,0.0
438.089996,2.84145E7,440.0,424.0,0.0
429.950012,2.1706E7,436.570007,424.279999,0.0
421.26001,3.4833E7,452.5,421.0,0.0
410.359985,3.02842E7,420.089996,396.029999,0.0
417.130005,1.73577E7,418.700012,410.579987,0.0
411.76001,1.98551E7,423.0,409.519989,0.0
408.5,1.97711E7,412.529999,401.660004,0.0
408.089996,2.68386E7,412.450012,404.089996,0.0
441.609985,6.11883E7,462.0,433.01001,0.0
486.640015,7.8044E7,496.0,443.5,0.0
499.269989,6.24753E7,508.609985,487.570007,0.0
489.609985,3.28073E7,502.5,489.059998,0.0
521.849976,5.02603E7,526.0,501.790009,0.0
555.380005,5.36485E7,559.98999,526.200012,0.0
574.0,4.89302E7,574.0,545.369995,0.0
585.76001,3.75611E7,598.780029,578.450012,0.0
567.599976,6.30031E7,607.799988,554.51001,0.0
584.76001,4.03828E7,597.849976,572.049988,0.0
568.820007,4.77757E7,571.539978,541.210022,0.0
593.380005,4.2552E7,598.969971,582.429993,0.0
599.039978,2.94013E7,599.039978,585.5,0.0
641.76001,5.63097E7,648.789978,603.049988,0.0
649.880005,6.4265E7,651.280029,618.5,0.0
604.47998,7.09403E7,654.320007,588.0,0.0